요구사항,제목,행위자,화면 참조,시퀀스,QA 사례,API 프로시저,데이터 모델,소스
FR-AUTH,로그인 및 계정별 화면 이동,모든 계정,"U01, U02, U03, U04",SQ-01,"QA-001, QA-002, QA-003, QA-004, QA-005, QA-007, QA-008, QA-009, QA-078, QA-079, QA-080, QA-081, QA-082, QA-126","auth.bootstrap, auth.me, auth.resolveSignInEmail, auth.signUpStudent, auth.requestPasswordRecovery",User; AcademyMembership; AcademyJoinRequest; OAuthOnboardingIntent,packages/web/src/app/(auth)/actions.ts; packages/api/src/auth/auth.router.ts
FR-ROLE,학원 역할 및 보기 전환,직원 및 플랫폼 운영자,M06,SQ-01,"QA-006, QA-018, QA-019, QA-020, QA-102, QA-127",auth.me; 학원 멤버십 역할 작업; X-Cove-View-Role 요청 맥락,AcademyMembership; AcademyMembershipRole; PlatformSupportGrant,packages/shared/src/auth/roles.ts; packages/api/src/authorization/academy-access.service.ts
FR-JOIN,학원 가입 신청 및 초대,"신청자, 팀장, 학원 관리자","U02, U03, A12, A13, A14","SQ-02, SQ-10","QA-010, QA-011, QA-012, QA-080, QA-081, QA-094, QA-095, QA-096, QA-128",academyJoinRequests; academyInvitations; academyInvitationDelivery; platformApplications; platformInvitations,AcademyJoinRequest; AcademyInvitation; InvitationDeliveryAttempt; AcademyMembership,packages/api/src/academies/academy-join-request.service.ts; packages/shared/src/auth/roles.ts
FR-PEOPLE,구성원 및 학생 관리,학원 관리자,"M06, M07",SQ-10,"QA-013, QA-014, QA-015, QA-016, QA-017, QA-102, QA-103, QA-129",academyPeopleImport.get/commit/result; academyPeopleBulk.preview/run; 구성원 및 자격 증명 프로시저,AcademyMembership; 프로필 테이블; StudentIssuedCredential; PeopleImportSession; PeopleBulkOperation,packages/api/src/manage; packages/api/src/academies/student-credential.service.ts
FR-STAFF,직원 목록 및 강사 배정,"팀장, 학원 관리자",M02,,"QA-021, QA-022, QA-098, QA-130","academyClasses.listEligibleTeachers, setTeacher, setAssistantTeachers",Class.teacherMembershipId; ClassAssistantTeacher; AcademyMembershipRole,packages/api/src/teach/teacher-roster.service.ts; packages/api/src/classes/assigned-class-access.ts
FR-CLASS,반 및 커리큘럼 접근,"학원 관리자, 팀장, 강사, 학생","M02, M03, M04, M05, S02, S07",SQ-08,"QA-023, QA-024, QA-025, QA-026, QA-098, QA-099, QA-100, QA-101, QA-118, QA-123, QA-131",academyClasses.create/update/setStatus/delete/setCourses/setSchedule/addStudents/removeStudent,Class; ClassCourse; ClassEnrollment; ClassAssistantTeacher; ClassScheduleSlot,packages/api/src/classes/classes.service.ts; packages/api/src/classes/assigned-course-access.ts
FR-COURSE,강좌 계층 및 공개 상태,"팀장, 학원 관리자","L01, L02, L03, L05, L06",,"QA-027, QA-028, QA-029, QA-105, QA-106, QA-107, QA-109, QA-110, QA-132",강좌 및 강좌 계층 프로시저; 프로그래밍 문제 작성 작업,Course; CourseModule; Lecture; Material; ProgrammingExercise; ExerciseTestCase; ExerciseHint,packages/api/src/content/course.service.ts; packages/api/src/learn/curriculum-visibility.ts
FR-IMPORT,Excel 커리큘럼 가져오기,"팀장, 학원 관리자, 라이브러리 관리자",L04,SQ-05,"QA-030, QA-031, QA-032, QA-108, QA-133",POST /api/content-imports; GET /api/content-imports/template; 가져오기 조회·확정·결과 프로시저,ContentImportSession; 커리큘럼 계층; Course.contentRevision,packages/api/src/content/import/content-import.service.ts; packages/shared/src/api/orpc/content-imports.contract.ts
FR-LIBRARY,공유 커리큘럼 라이브러리,"플랫폼 관리자, 팀장, 학원 관리자","A09, A10, L02, L07",SQ-07,"QA-033, QA-034, QA-091, QA-092, QA-106, QA-111, QA-134",platformLibrary; 학원 라이브러리 계약; 강좌 작성 계약,Academy.kind; Course.sourceCourseId; sourceContentRevision; baselineRevision; contentRevision,packages/api/src/platform/platform-library.service.ts; packages/api/src/content/library/academy-library.service.ts
FR-LEARN,학생 강좌 및 문제 작업 공간,학생; 권한 있는 직원 미리보기,"S01, S03, S08",SQ-08,"QA-035, QA-036, QA-117, QA-119, QA-124, QA-135",learn.listCourses; learn.getCourseOutline; learn.getExerciseBootstrap,ClassEnrollment; ClassCourse; 공개 커리큘럼 계층; ExerciseDraft; StudentExerciseProgress,packages/shared/src/content/learn.ts; packages/api/src/learn/learn.service.ts
FR-DRAFT,초안 저장 및 복구,학생 및 배정된 실시간 지도 강사,"S03, S08",SQ-04,"QA-037, QA-038, QA-039, QA-119, QA-124, QA-136",learn 초안 작업; POST /api/learn/draft-beacon 웹 경로; 모니터링 문서 이벤트,ExerciseDraft; ExerciseCollaborationDocument; ExerciseSolveSession,packages/api/src/learn/learn.service.ts; packages/web/src/app/api/learn/draft-beacon/route.ts
FR-GRADE,제출 및 비동기 채점,학생,"L06, S03","SQ-03, SQ-09","QA-040, QA-041, QA-042, QA-043, QA-044, QA-045, QA-110, QA-119, QA-137",learn.submit; 제출 결과 조회; GET /api/submissions/{submissionId}/stream,Submission; SubmissionGradingCase; SubmissionCase; StudentExerciseProgress,packages/api/src/learn/submission.service.ts; packages/shared/src/content/submission.ts
FR-RESULT,채점 결과 및 학습 기록,학생 및 배정 강사,"T04, S04, S05",SQ-03,"QA-046, QA-047, QA-048, QA-049, QA-115, QA-120, QA-121, QA-138",learn 답안 기록 및 제출 작업; teacherProgress.listStudents/getStudentDetail/listAttempts/getSubmissionReview,Submission 고정 표시 이름; SubmissionCase; StudentExerciseProgress; ExerciseSolveSession,packages/api/src/learn/submission.controller.ts; packages/api/src/learn/answer-records.service.ts; packages/api/prisma/schema.prisma
FR-MONITOR,배정 강사의 실시간 모니터링,유효한 반 배정을 보유한 강사,"T02, T03",SQ-04,"QA-050, QA-051, QA-052, QA-053, QA-054, QA-055, QA-113, QA-114, QA-139",모니터링 계약; Socket.IO /monitoring; student.watch.start/stop/mode 및 문서 이벤트,TeacherMonitoringVisit; ExerciseCollaborationDocument; 반·강사·수강 등록 기록,packages/api/src/monitoring/monitoring-access.service.ts; packages/api/src/monitoring/monitoring.gateway.ts
FR-FEEDBACK,강사 피드백 및 학생 전달,배정 강사 및 수신 학생,,,"QA-056, QA-057, QA-140",모니터링 피드백 작업·이벤트; 알림 목록·읽음 작업; /notifications,TeacherFeedback; 강사·학생 멤버십 및 자료 참조,packages/shared/src/api/orpc/monitoring.contract.ts; packages/api/src/notifications/notifications.gateway.ts
FR-HELP,학생 도움 요청 대기열,학생 및 배정 강사,,SQ-06,"QA-058, QA-059, QA-060, QA-141",모니터링 도움 요청 계약; help.request.changed 이벤트,StudentHelpRequest; HelpRequestReceipt,packages/api/src/monitoring/help-request.service.ts; packages/shared/src/monitoring/help-requests.ts
FR-ANALYTICS,역할별 학습 분석,"학생, 강사, 팀장, 학원 관리자","A02, M01, L01, T01, T05, S01",,"QA-061, QA-062, QA-063, QA-084, QA-097, QA-105, QA-112, QA-116, QA-117, QA-142",managerOverview; teamLeadOverview; academyTeacherOverview; 학생 개요 및 강사 분석 프로시저,Submission; StudentExerciseProgress; 학습일 집계; LearningActivityFlush; 반 범위,packages/api/src/learn/student-overview.service.ts; packages/api/src/teach/teacher-overview.service.ts; packages/api/src/lead/team-lead-overview.service.ts
FR-POINTS,포인트 및 반 순위,학생 및 권한 있는 학원 직원,"A04, A05, M05, M08, S06","SQ-08, SQ-09","QA-064, QA-065, QA-066, QA-067, QA-086, QA-087, QA-101, QA-104, QA-122, QA-143",points; 포인트 정책 조회·수정·초기화; 기능 정책 프로시저,PointAward; StudentPointBalance; AcademyPointPolicy; ClassScheduleSlot; 학습일 기록,packages/api/src/points; packages/shared/src/points; packages/api/prisma/schema.prisma
FR-PROFILE,개인 및 학원 프로필,계정 소유자; 권한 있는 학원 직원,S09,,"QA-068, QA-069, QA-125, QA-144",profile 네임스페이스; 프로필 이미지 HTTP 엔드포인트; auth.forgetIssuedPassword,User; MediaAsset; AcademyMemberProfile; StudentAcademyProfile; StaffAcademyProfile,packages/api/src/profile; packages/web/src/components/studio/profile/my-page
FR-SESSION,학생 비활성 세션 및 복구,학생,,,"QA-070, QA-071, QA-145",studentSession 계약; 학생 API 미들웨어; student-session.service.ts,User/멤버십 식별 정보; 임시 세션 임대; 영속 초안은 별도 관리,packages/api/src/orpc/access.ts; packages/api/src/auth/student-session.service.ts
FR-ADMIN,플랫폼 학원 및 사용자 관리,플랫폼 관리자,"A01, A02, A03, A11",,"QA-072, QA-083, QA-084, QA-085, QA-093, QA-146",플랫폼 학원·사용자·콘텐츠·순위·설정·운영 계약; 플랫폼 사용자 내보내기 엔드포인트,Organization; Academy; User; AcademyMembership; AuditLog; PlatformOperationRun,packages/api/src/platform; packages/shared/src/auth/roles.ts
FR-SUPPORT,지원 권한 부여 및 감사,플랫폼 관리자,"A07, A08",,"QA-073, QA-074, QA-089, QA-090, QA-147",platformSupport 권한 부여·목록·철회; platformAudit; AcademyAccessService,PlatformSupportGrant; AuditLog; 멤버십 상태,packages/api/src/authorization/academy-access.service.ts; packages/api/src/authorization/support-grant.resolver.ts
FR-OPS,유지보수 및 재채점,권한 있는 학원·플랫폼 직원,A06,,"QA-075, QA-088, QA-148",platformOperations; 재채점 계획·실행·상태 서비스 경로,PlatformOperationRun; Submission 출처 참조; 채점 스냅샷; 진도 및 포인트 원장,packages/api/src/platform/regrade.service.ts; packages/api/src/platform/platform-operations.router.ts
FR-UX,언어 및 인터페이스 상태,모든 역할,"A03, M08",,"QA-076, QA-077, QA-085, QA-104, QA-149",profile 환경설정; academyFeatures; 화면별 목록 계약,사용자 환경설정; AcademyFeatureFlag; 번역 UI 리소스,packages/i18n/src/locales; packages/web/src/app
