소스 경로 패턴,페이지 소스
/auth/recovery/confirm,packages/web/src/app/(auth)/auth/recovery/confirm/page.tsx
/forgot-password,packages/web/src/app/(auth)/forgot-password/page.tsx
/invite,packages/web/src/app/(auth)/invite/page.tsx
/login,packages/web/src/app/(auth)/login/page.tsx
/pending,packages/web/src/app/(auth)/pending/page.tsx
/reset-password,packages/web/src/app/(auth)/reset-password/page.tsx
/signup,packages/web/src/app/(auth)/signup/page.tsx
/welcome,packages/web/src/app/(auth)/welcome/page.tsx
/studio/academies/[academyId]/[[...legacyPath]],packages/web/src/app/(compatibility)/studio/academies/[academyId]/[[...legacyPath]]/page.tsx
/admin/academies/[academySlug]/classes/[classId],packages/web/src/app/(platform)/admin/academies/[academySlug]/classes/[classId]/page.tsx
/admin/academies/[academySlug]/classes,packages/web/src/app/(platform)/admin/academies/[academySlug]/classes/page.tsx
/admin/academies/[academySlug]/courses/[courseId]/lectures/[lectureId]/exercises/[materialId],packages/web/src/app/(platform)/admin/academies/[academySlug]/courses/[courseId]/lectures/[lectureId]/exercises/[materialId]/page.tsx
/admin/academies/[academySlug]/courses/[courseId],packages/web/src/app/(platform)/admin/academies/[academySlug]/courses/[courseId]/page.tsx
/admin/academies/[academySlug]/courses,packages/web/src/app/(platform)/admin/academies/[academySlug]/courses/page.tsx
/admin/academies/[academySlug],packages/web/src/app/(platform)/admin/academies/[academySlug]/page.tsx
/admin/academies/[academySlug]/points/students/[membershipId],packages/web/src/app/(platform)/admin/academies/[academySlug]/points/students/[membershipId]/page.tsx
/admin/academies/[academySlug]/settings,packages/web/src/app/(platform)/admin/academies/[academySlug]/settings/page.tsx
/admin/academies/[academySlug]/settings/points,packages/web/src/app/(platform)/admin/academies/[academySlug]/settings/points/page.tsx
/admin/academies/new,packages/web/src/app/(platform)/admin/academies/new/page.tsx
/admin/academies,packages/web/src/app/(platform)/admin/academies/page.tsx
/admin/access/[grantId],packages/web/src/app/(platform)/admin/access/[grantId]/page.tsx
/admin/access/new,packages/web/src/app/(platform)/admin/access/new/page.tsx
/admin/access,packages/web/src/app/(platform)/admin/access/page.tsx
/admin/applications,packages/web/src/app/(platform)/admin/applications/page.tsx
/admin/audit/[entryId],packages/web/src/app/(platform)/admin/audit/[entryId]/page.tsx
/admin/audit,packages/web/src/app/(platform)/admin/audit/page.tsx
/admin/content/classes,packages/web/src/app/(platform)/admin/content/classes/page.tsx
/admin/content/courses,packages/web/src/app/(platform)/admin/content/courses/page.tsx
/admin/content/library/[courseId]/imports/new,packages/web/src/app/(platform)/admin/content/library/[courseId]/imports/new/page.tsx
/admin/content/library/[courseId]/lectures/[lectureId]/exercises/[materialId],packages/web/src/app/(platform)/admin/content/library/[courseId]/lectures/[lectureId]/exercises/[materialId]/page.tsx
/admin/content/library/[courseId],packages/web/src/app/(platform)/admin/content/library/[courseId]/page.tsx
/admin/content/library,packages/web/src/app/(platform)/admin/content/library/page.tsx
/admin/content,packages/web/src/app/(platform)/admin/content/page.tsx
/admin/content/problems,packages/web/src/app/(platform)/admin/content/problems/page.tsx
/admin/invitations,packages/web/src/app/(platform)/admin/invitations/page.tsx
/admin/operations,packages/web/src/app/(platform)/admin/operations/page.tsx
/admin,packages/web/src/app/(platform)/admin/page.tsx
/admin/ranking,packages/web/src/app/(platform)/admin/ranking/page.tsx
/admin/settings,packages/web/src/app/(platform)/admin/settings/page.tsx
/admin/settings/points,packages/web/src/app/(platform)/admin/settings/points/page.tsx
/admin/users/[userId],packages/web/src/app/(platform)/admin/users/[userId]/page.tsx
/admin/users,packages/web/src/app/(platform)/admin/users/page.tsx
/admin/users/staff,packages/web/src/app/(platform)/admin/users/staff/page.tsx
/admin/users/students,packages/web/src/app/(platform)/admin/users/students/page.tsx
/admin/users/teachers,packages/web/src/app/(platform)/admin/users/teachers/page.tsx
/academy/[academySlug]/applications,packages/web/src/app/(studio)/academy/[academySlug]/(framed)/applications/page.tsx
/academy/[academySlug]/classes/[classId],packages/web/src/app/(studio)/academy/[academySlug]/(framed)/classes/[classId]/page.tsx
/academy/[academySlug]/classes,packages/web/src/app/(studio)/academy/[academySlug]/(framed)/classes/page.tsx
/academy/[academySlug]/content/courses/[courseId]/imports/new,packages/web/src/app/(studio)/academy/[academySlug]/(framed)/content/courses/[courseId]/imports/new/page.tsx
/academy/[academySlug]/content/courses/[courseId]/lectures/[lectureId]/exercises/[materialId],packages/web/src/app/(studio)/academy/[academySlug]/(framed)/content/courses/[courseId]/lectures/[lectureId]/exercises/[materialId]/page.tsx
/academy/[academySlug]/content/courses/[courseId]/lectures/[lectureId]/exercises/new,packages/web/src/app/(studio)/academy/[academySlug]/(framed)/content/courses/[courseId]/lectures/[lectureId]/exercises/new/page.tsx
/academy/[academySlug]/content/courses/[courseId],packages/web/src/app/(studio)/academy/[academySlug]/(framed)/content/courses/[courseId]/page.tsx
/academy/[academySlug]/content/courses/[courseId]/versions/[versionId]/lectures/[lectureId]/exercises/[materialId],packages/web/src/app/(studio)/academy/[academySlug]/(framed)/content/courses/[courseId]/versions/[versionId]/lectures/[lectureId]/exercises/[materialId]/page.tsx
/academy/[academySlug]/content/courses/[courseId]/versions/[versionId]/lectures/[lectureId]/exercises/new,packages/web/src/app/(studio)/academy/[academySlug]/(framed)/content/courses/[courseId]/versions/[versionId]/lectures/[lectureId]/exercises/new/page.tsx
/academy/[academySlug]/content/courses/[courseId]/versions/[versionId],packages/web/src/app/(studio)/academy/[academySlug]/(framed)/content/courses/[courseId]/versions/[versionId]/page.tsx
/academy/[academySlug]/content/courses,packages/web/src/app/(studio)/academy/[academySlug]/(framed)/content/courses/page.tsx
/academy/[academySlug]/content/library,packages/web/src/app/(studio)/academy/[academySlug]/(framed)/content/library/page.tsx
/academy/[academySlug]/invitations,packages/web/src/app/(studio)/academy/[academySlug]/(framed)/invitations/page.tsx
/academy/[academySlug]/learn/classes/[classId],packages/web/src/app/(studio)/academy/[academySlug]/(framed)/learn/classes/[classId]/page.tsx
/academy/[academySlug]/learn/classes,packages/web/src/app/(studio)/academy/[academySlug]/(framed)/learn/classes/page.tsx
/academy/[academySlug]/learn/courses/[courseId],packages/web/src/app/(studio)/academy/[academySlug]/(framed)/learn/courses/[courseId]/page.tsx
/academy/[academySlug]/learn/courses,packages/web/src/app/(studio)/academy/[academySlug]/(framed)/learn/courses/page.tsx
/academy/[academySlug]/learn/records,packages/web/src/app/(studio)/academy/[academySlug]/(framed)/learn/records/page.tsx
/academy/[academySlug]/maintenance,packages/web/src/app/(studio)/academy/[academySlug]/(framed)/maintenance/page.tsx
/academy/[academySlug]/me,packages/web/src/app/(studio)/academy/[academySlug]/(framed)/me/page.tsx
/academy/[academySlug],packages/web/src/app/(studio)/academy/[academySlug]/(framed)/page.tsx
/academy/[academySlug]/people/[membershipId],packages/web/src/app/(studio)/academy/[academySlug]/(framed)/people/[membershipId]/page.tsx
/academy/[academySlug]/people,packages/web/src/app/(studio)/academy/[academySlug]/(framed)/people/page.tsx
/academy/[academySlug]/points/classes,packages/web/src/app/(studio)/academy/[academySlug]/(framed)/points/classes/page.tsx
/academy/[academySlug]/points,packages/web/src/app/(studio)/academy/[academySlug]/(framed)/points/page.tsx
/academy/[academySlug]/points/students/[membershipId],packages/web/src/app/(studio)/academy/[academySlug]/(framed)/points/students/[membershipId]/page.tsx
/academy/[academySlug]/settings,packages/web/src/app/(studio)/academy/[academySlug]/(framed)/settings/page.tsx
/academy/[academySlug]/settings/points,packages/web/src/app/(studio)/academy/[academySlug]/(framed)/settings/points/page.tsx
/academy/[academySlug]/staff/[membershipId],packages/web/src/app/(studio)/academy/[academySlug]/(framed)/staff/[membershipId]/page.tsx
/academy/[academySlug]/staff,packages/web/src/app/(studio)/academy/[academySlug]/(framed)/staff/page.tsx
/academy/[academySlug]/students/[membershipId],packages/web/src/app/(studio)/academy/[academySlug]/(framed)/students/[membershipId]/page.tsx
/academy/[academySlug]/students,packages/web/src/app/(studio)/academy/[academySlug]/(framed)/students/page.tsx
/academy/[academySlug]/teach/analytics,packages/web/src/app/(studio)/academy/[academySlug]/(framed)/teach/analytics/page.tsx
/academy/[academySlug]/teach/classes/[classId],packages/web/src/app/(studio)/academy/[academySlug]/(framed)/teach/classes/[classId]/page.tsx
/academy/[academySlug]/teach/classes/[classId]/progress,packages/web/src/app/(studio)/academy/[academySlug]/(framed)/teach/classes/[classId]/progress/page.tsx
/academy/[academySlug]/teach/classes/[classId]/students/[membershipId]/submissions/[submissionId],packages/web/src/app/(studio)/academy/[academySlug]/(framed)/teach/classes/[classId]/students/[membershipId]/submissions/[submissionId]/page.tsx
/academy/[academySlug]/teach/classes,packages/web/src/app/(studio)/academy/[academySlug]/(framed)/teach/classes/page.tsx
/academy/[academySlug]/teach/students,packages/web/src/app/(studio)/academy/[academySlug]/(framed)/teach/students/page.tsx
/academy/[academySlug]/learn/exercises/[materialId],packages/web/src/app/(studio)/academy/[academySlug]/learn/exercises/[materialId]/page.tsx
/academy/[academySlug]/teach/classes/[classId]/students/[membershipId]/live,packages/web/src/app/(studio)/academy/[academySlug]/teach/classes/[classId]/students/[membershipId]/live/page.tsx
/account,packages/web/src/app/(studio)/account/page.tsx
/,packages/web/src/app/page.tsx
