모델,실제 테이블,관계 필드,대상 모델,관계 타입,Prisma 관계 선언
User,users,avatarAsset,MediaAsset,MediaAsset?,"@relation(""UserAvatar"", fields: [avatarAssetId], references: [id], onDelete: SetNull)"
MediaAsset,media_assets,uploader,User,User,"@relation(""MediaUploader"", fields: [uploaderUserId], references: [id], onDelete: Restrict)"
AcademyMemberProfile,academy_member_profiles,membership,AcademyMembership,AcademyMembership,"@relation(fields: [membershipId], references: [id], onDelete: Cascade)"
AcademyMemberProfile,academy_member_profiles,avatarAsset,MediaAsset,MediaAsset?,"@relation(""AcademyMemberAvatar"", fields: [avatarAssetId], references: [id], onDelete: SetNull)"
StudentAcademyProfile,student_academy_profiles,membership,AcademyMembership,AcademyMembership,"@relation(fields: [membershipId], references: [id], onDelete: Cascade)"
StaffAcademyProfile,staff_academy_profiles,membership,AcademyMembership,AcademyMembership,"@relation(fields: [membershipId], references: [id], onDelete: Cascade)"
Academy,academies,organization,Organization,Organization,"@relation(fields: [organizationId], references: [id], onDelete: Restrict)"
Academy,academies,createdBy,User,User?,"@relation(""AcademyCreator"", fields: [createdByUserId], references: [id], onDelete: SetNull)"
AcademyFeatureFlag,academy_feature_flags,academy,Academy,Academy,"@relation(fields: [academyId], references: [id], onDelete: Cascade)"
OAuthOnboardingIntent,oauth_onboarding_intents,academy,Academy,Academy,"@relation(fields: [academyId], references: [id], onDelete: Cascade)"
AcademySlugHistory,academy_slug_history,academy,Academy,Academy,"@relation(fields: [academyId], references: [id], onDelete: Cascade)"
AcademyMembership,academy_memberships,academy,Academy,Academy,"@relation(fields: [academyId], references: [id], onDelete: Cascade)"
AcademyMembership,academy_memberships,user,User,User,"@relation(fields: [userId], references: [id], onDelete: Cascade)"
AcademyMembership,academy_memberships,invitedBy,User,User?,"@relation(""MembershipInviter"", fields: [invitedByUserId], references: [id], onDelete: SetNull)"
AcademyMembership,academy_memberships,approvedBy,User,User?,"@relation(""MembershipApprover"", fields: [approvedByUserId], references: [id], onDelete: SetNull)"
AcademyMembershipRole,academy_membership_roles,membership,AcademyMembership,AcademyMembership,"@relation(fields: [membershipId], references: [id], onDelete: Cascade)"
AcademyMembershipRole,academy_membership_roles,grantedBy,User,User?,"@relation(""MembershipRoleGranter"", fields: [grantedByUserId], references: [id], onDelete: SetNull)"
StudentIssuedCredential,student_issued_credentials,user,User,User,"@relation(""IssuedCredentialHolder"", fields: [userId], references: [id], onDelete: Cascade)"
StudentIssuedCredential,student_issued_credentials,academy,Academy,Academy,"@relation(fields: [academyId], references: [id], onDelete: Cascade)"
StudentIssuedCredential,student_issued_credentials,issuedBy,User,User,"@relation(""IssuedCredentialIssuer"", fields: [issuedByUserId], references: [id], onDelete: Restrict)"
AcademyInvitation,academy_invitations,academy,Academy,Academy,"@relation(fields: [academyId], references: [id], onDelete: Cascade)"
AcademyInvitation,academy_invitations,invitedBy,User,User,"@relation(""InvitationCreator"", fields: [invitedByUserId], references: [id], onDelete: Restrict)"
AcademyInvitation,academy_invitations,acceptedBy,User,User?,"@relation(""InvitationAcceptor"", fields: [acceptedByUserId], references: [id], onDelete: SetNull)"
AcademyMedia,academy_media,academy,Academy,Academy,"@relation(fields: [academyId], references: [id], onDelete: Cascade)"
AcademyMedia,academy_media,asset,MediaAsset,MediaAsset,"@relation(""AcademyMedia"", fields: [assetId], references: [id], onDelete: Restrict)"
PeopleImportSession,people_import_sessions,academy,Academy,Academy,"@relation(fields: [academyId], references: [id], onDelete: Cascade)"
PeopleImportSession,people_import_sessions,actor,User,User,"@relation(""PeopleImportActor"", fields: [actorUserId], references: [id], onDelete: Restrict)"
ContentImportSession,content_import_sessions,academy,Academy,Academy,"@relation(fields: [academyId], references: [id], onDelete: Cascade)"
ContentImportSession,content_import_sessions,course,Course,Course,"@relation(fields: [courseId], references: [id], onDelete: Cascade)"
ContentImportSession,content_import_sessions,actor,User,User,"@relation(""ContentImportActor"", fields: [actorUserId], references: [id], onDelete: Restrict)"
PeopleBulkOperation,people_bulk_operations,academy,Academy,Academy,"@relation(fields: [academyId], references: [id], onDelete: Cascade)"
PeopleBulkOperation,people_bulk_operations,actor,User,User,"@relation(""PeopleBulkActor"", fields: [actorUserId], references: [id], onDelete: Restrict)"
InvitationDeliveryAttempt,invitation_delivery_attempts,invitation,AcademyInvitation,AcademyInvitation,"@relation(fields: [invitationId], references: [id], onDelete: Cascade)"
AcademyJoinRequest,academy_join_requests,academy,Academy,Academy,"@relation(fields: [academyId], references: [id], onDelete: Cascade)"
AcademyJoinRequest,academy_join_requests,user,User,User,"@relation(""JoinRequester"", fields: [userId], references: [id], onDelete: Cascade)"
AcademyJoinRequest,academy_join_requests,reviewedBy,User,User?,"@relation(""JoinReviewer"", fields: [reviewedByUserId], references: [id], onDelete: SetNull)"
AuditLog,audit_logs,actor,User,User?,"@relation(""AuditActor"", fields: [actorUserId], references: [id], onDelete: SetNull)"
AuditLog,audit_logs,academy,Academy,Academy?,"@relation(fields: [academyId], references: [id], onDelete: SetNull)"
AuditLog,audit_logs,supportGrant,PlatformSupportGrant,PlatformSupportGrant?,"@relation(fields: [supportGrantId], references: [id], onDelete: SetNull)"
PlatformSupportGrant,platform_support_grants,academy,Academy,Academy,"@relation(fields: [academyId], references: [id], onDelete: Cascade)"
PlatformSupportGrant,platform_support_grants,admin,User,User,"@relation(""SupportGrantAdmin"", fields: [adminUserId], references: [id], onDelete: Restrict)"
PlatformSupportGrant,platform_support_grants,revokedBy,User,User?,"@relation(""SupportGrantRevoker"", fields: [revokedByUserId], references: [id], onDelete: SetNull)"
PlatformOperationRun,platform_operation_runs,academy,Academy,Academy,"@relation(fields: [academyId], references: [id], onDelete: Cascade)"
PlatformOperationRun,platform_operation_runs,actor,User,User,"@relation(""OperationRunActor"", fields: [actorUserId], references: [id], onDelete: Restrict)"
Course,courses,academy,Academy,Academy,"@relation(fields: [academyId], references: [id], onDelete: Restrict)"
Course,courses,createdBy,User,User,"@relation(""CourseCreator"", fields: [createdByUserId], references: [id], onDelete: Restrict)"
Course,courses,sourceCourse,Course,Course?,"@relation(""CourseSource"", fields: [sourceCourseId], references: [id], onDelete: Restrict)"
Class,classes,academy,Academy,Academy,"@relation(fields: [academyId], references: [id], onDelete: Restrict)"
Class,classes,createdBy,User,User,"@relation(""ClassCreator"", fields: [createdByUserId], references: [id], onDelete: Restrict)"
Class,classes,assignedTeacher,AcademyMembership,AcademyMembership?,"@relation(""ClassTeacher"", fields: [teacherMembershipId], references: [id], onDelete: SetNull)"
ClassAssistantTeacher,class_assistant_teachers,class,Class,Class,"@relation(fields: [classId], references: [id], onDelete: Cascade)"
ClassAssistantTeacher,class_assistant_teachers,teacher,AcademyMembership,AcademyMembership,"@relation(""ClassAssistantTeacher"", fields: [membershipId], references: [id], onDelete: Cascade)"
ClassCourse,class_courses,class,Class,Class,"@relation(fields: [classId], references: [id], onDelete: Cascade)"
ClassCourse,class_courses,course,Course,Course,"@relation(fields: [courseId], references: [id], onDelete: Cascade)"
ClassCourse,class_courses,assignedBy,User,User,"@relation(""ClassCourseAssigner"", fields: [assignedByUserId], references: [id], onDelete: Restrict)"
ClassEnrollment,class_enrollments,class,Class,Class,"@relation(fields: [classId], references: [id], onDelete: Cascade)"
ClassEnrollment,class_enrollments,membership,AcademyMembership,AcademyMembership,"@relation(fields: [membershipId], references: [id], onDelete: Cascade)"
ClassEnrollment,class_enrollments,enrolledBy,User,User,"@relation(""ClassEnroller"", fields: [enrolledByUserId], references: [id], onDelete: Restrict)"
CourseModule,course_modules,course,Course,Course,"@relation(fields: [courseId], references: [id], onDelete: Cascade)"
Lecture,lectures,courseModule,CourseModule,CourseModule,"@relation(fields: [courseModuleId], references: [id], onDelete: Cascade)"
Material,materials,lecture,Lecture,Lecture,"@relation(fields: [lectureId], references: [id], onDelete: Cascade)"
ProgrammingExercise,programming_exercises,material,Material,Material,"@relation(fields: [materialId], references: [id], onDelete: Cascade)"
ExerciseTestCase,exercise_test_cases,exercise,ProgrammingExercise,ProgrammingExercise,"@relation(fields: [exerciseMaterialId], references: [materialId], onDelete: Cascade)"
ExerciseDraft,exercise_drafts,user,User,User,"@relation(fields: [userId], references: [id], onDelete: Cascade)"
ExerciseDraft,exercise_drafts,material,Material,Material?,"@relation(fields: [materialId], references: [id], onDelete: SetNull)"
ExerciseDraft,exercise_drafts,course,Course,Course,"@relation(fields: [courseId], references: [id], onDelete: Restrict)"
ExerciseCollaborationDocument,exercise_collaboration_documents,draft,ExerciseDraft,ExerciseDraft,"@relation(fields: [draftId], references: [id], onDelete: Cascade)"
Submission,submissions,user,User,User,"@relation(fields: [userId], references: [id], onDelete: Cascade)"
Submission,submissions,material,Material,Material?,"@relation(fields: [materialId], references: [id], onDelete: SetNull)"
Submission,submissions,course,Course,Course,"@relation(fields: [courseId], references: [id], onDelete: Restrict)"
Submission,submissions,class,Class,Class?,"@relation(fields: [classId], references: [id], onDelete: SetNull)"
Submission,submissions,solveSession,ExerciseSolveSession,ExerciseSolveSession?,"@relation(fields: [solveSessionId], references: [id], onDelete: SetNull)"
Submission,submissions,regradeRun,PlatformOperationRun,PlatformOperationRun?,"@relation(fields: [regradeRunId], references: [id], onDelete: SetNull)"
ExerciseSolveSession,exercise_solve_sessions,user,User,User,"@relation(fields: [userId], references: [id], onDelete: Cascade)"
ExerciseSolveSession,exercise_solve_sessions,material,Material,Material,"@relation(fields: [materialId], references: [id], onDelete: Cascade)"
ExerciseSolveSession,exercise_solve_sessions,class,Class,Class?,"@relation(fields: [classId], references: [id], onDelete: SetNull)"
SubmissionGradingCase,submission_grading_cases,submission,Submission,Submission,"@relation(fields: [submissionId], references: [id], onDelete: Cascade)"
SubmissionCase,submission_cases,submission,Submission,Submission,"@relation(fields: [submissionId], references: [id], onDelete: Cascade)"
StudentExerciseProgress,student_exercise_progress,user,User,User,"@relation(fields: [userId], references: [id], onDelete: Cascade)"
StudentExerciseProgress,student_exercise_progress,material,Material,Material,"@relation(fields: [materialId], references: [id], onDelete: Cascade)"
TeacherMonitoringVisit,teacher_monitoring_visits,academy,Academy,Academy,"@relation(fields: [academyId], references: [id], onDelete: Restrict)"
TeacherMonitoringVisit,teacher_monitoring_visits,class,Class,Class,"@relation(fields: [classId], references: [id], onDelete: Restrict)"
TeacherMonitoringVisit,teacher_monitoring_visits,teacherMembership,AcademyMembership,AcademyMembership?,"@relation(""MonitoringVisitTeacher"", fields: [teacherMembershipId], references: [id], onDelete: SetNull)"
TeacherMonitoringVisit,teacher_monitoring_visits,studentMembership,AcademyMembership,AcademyMembership?,"@relation(""MonitoringVisitStudent"", fields: [studentMembershipId], references: [id], onDelete: SetNull)"
TeacherMonitoringVisit,teacher_monitoring_visits,material,Material,Material?,"@relation(fields: [materialId], references: [id], onDelete: SetNull)"
TeacherFeedback,teacher_feedback,academy,Academy,Academy,"@relation(fields: [academyId], references: [id], onDelete: Restrict)"
TeacherFeedback,teacher_feedback,class,Class,Class,"@relation(fields: [classId], references: [id], onDelete: Restrict)"
TeacherFeedback,teacher_feedback,teacherMembership,AcademyMembership,AcademyMembership?,"@relation(""TeacherFeedbackAuthor"", fields: [teacherMembershipId], references: [id], onDelete: SetNull)"
TeacherFeedback,teacher_feedback,studentMembership,AcademyMembership,AcademyMembership?,"@relation(""TeacherFeedbackRecipient"", fields: [studentMembershipId], references: [id], onDelete: SetNull)"
TeacherFeedback,teacher_feedback,material,Material,Material?,"@relation(fields: [materialId], references: [id], onDelete: SetNull)"
TeacherFeedback,teacher_feedback,monitoringVisit,TeacherMonitoringVisit,TeacherMonitoringVisit?,"@relation(fields: [monitoringVisitId], references: [id], onDelete: SetNull)"
ExerciseHint,exercise_hints,exercise,ProgrammingExercise,ProgrammingExercise,"@relation(fields: [exerciseMaterialId], references: [materialId], onDelete: Cascade)"
StudentCourseLearningDay,student_course_learning_days,academy,Academy,Academy,"@relation(fields: [academyId], references: [id], onDelete: Cascade)"
StudentCourseLearningDay,student_course_learning_days,membership,AcademyMembership,AcademyMembership,"@relation(fields: [membershipId], references: [id], onDelete: Cascade)"
StudentCourseLearningDay,student_course_learning_days,course,Course,Course,"@relation(fields: [courseId], references: [id], onDelete: Cascade)"
StudentClassCourseLearningDay,student_class_course_learning_days,academy,Academy,Academy,"@relation(fields: [academyId], references: [id], onDelete: Cascade)"
StudentClassCourseLearningDay,student_class_course_learning_days,membership,AcademyMembership,AcademyMembership,"@relation(fields: [membershipId], references: [id], onDelete: Cascade)"
StudentClassCourseLearningDay,student_class_course_learning_days,class,Class,Class,"@relation(fields: [classId], references: [id], onDelete: Cascade)"
StudentClassCourseLearningDay,student_class_course_learning_days,course,Course,Course,"@relation(fields: [courseId], references: [id], onDelete: Cascade)"
ClassScheduleSlot,class_schedule_slots,class,Class,Class,"@relation(fields: [classId], references: [id], onDelete: Cascade)"
PointAward,point_awards,academy,Academy,Academy,"@relation(fields: [academyId], references: [id], onDelete: Cascade)"
PointAward,point_awards,membership,AcademyMembership,AcademyMembership,"@relation(fields: [membershipId], references: [id], onDelete: Cascade)"
PointAward,point_awards,class,Class,Class?,"@relation(fields: [classId], references: [id], onDelete: SetNull)"
StudentPointBalance,student_point_balances,membership,AcademyMembership,AcademyMembership,"@relation(fields: [membershipId], references: [id], onDelete: Cascade)"
AcademyPointPolicy,academy_point_policies,academy,Academy,Academy,"@relation(fields: [academyId], references: [id], onDelete: Cascade)"
StudentHelpRequest,student_help_requests,academy,Academy,Academy,"@relation(fields: [academyId], references: [id], onDelete: Restrict)"
StudentHelpRequest,student_help_requests,class,Class,Class,"@relation(fields: [classId], references: [id], onDelete: Restrict)"
StudentHelpRequest,student_help_requests,studentMembership,AcademyMembership,AcademyMembership?,"@relation(""HelpRequestStudent"", fields: [studentMembershipId], references: [id], onDelete: SetNull)"
StudentHelpRequest,student_help_requests,teacherMembership,AcademyMembership,AcademyMembership?,"@relation(""HelpRequestTeacher"", fields: [teacherMembershipId], references: [id], onDelete: SetNull)"
StudentHelpRequest,student_help_requests,material,Material,Material?,"@relation(fields: [materialId], references: [id], onDelete: SetNull)"
